nombre apellido;tipo;usuario;contraseña;sede
admin;AG;admin;123
ad;AG;ad;123
a;A;ang;123;Sede norte
emp;E;emp;123;Sede norte
cliente;C;cli;123
Mario Ordoñez;AG;m.ordoñez;contraseña*
Ignacio Chaparro;A;i.chaparro;hola1234;Sede norte
Santiago Arenas;A;s.arenas3;odioaqui;Sede norte
Samuel Amaya;A;s.amaya4;hola1234*;Sede occidente
Juan Baron;E;j.baron;123456;Sede norte
Juan Prueba Empleado;E;usuario;empleado;Sede occidente
Juan Mecanico;E;j.mecanico;123456;Sede norte
Mateo Velasquez;C;m.velasquez;derecha**
Simon Paez;C;s.paez;hol@123
Samuel Amaya;C;Papaia23;Yoperreosola
Sherk;C;SoySherk;Fionateamo
Diana Rodriguez;C;d.rodriguez;sancarlos87
Felipe Páez;C;f.paezp2;123456